rank,title,rating,votes,year,director_actors,genre,link,poster
1,肖申克的救赎,9.7,3265834,1994,导演: 弗兰克·德拉邦特 Frank Darabont   主演: 蒂姆·罗宾斯 Tim Robbins /...,犯罪 剧情,https://movie.douban.com/subject/1292052/,https://img3.doubanio.com/view/photo/s_ratio_poster/public/p480747492.webp
2,霸王别姬,9.6,2409226,1993,导演: 陈凯歌 Kaige Chen   主演: 张国荣 Leslie Cheung / 张丰毅 Fengyi Zha...,剧情 爱情 同性,https://movie.douban.com/subject/1291546/,https://img1.doubanio.com/view/photo/s_ratio_poster/public/p2911205318.webp
19,控方证人,9.6,735044,1957,导演: 比利·怀尔德 Billy Wilder   主演: 泰隆·鲍华 Tyrone Power / 玛琳·...,剧情 犯罪 悬疑 惊悚,https://movie.douban.com/subject/1296141/,https://img3.doubanio.com/view/photo/s_ratio_poster/public/p2927451337.webp
3,泰坦尼克号,9.5,2483151,1997,导演: 詹姆斯·卡梅隆 James Cameron   主演: 莱昂纳多·迪卡普里奥 Leonardo...,剧情 爱情 灾难,https://movie.douban.com/subject/1292722/,https://img9.doubanio.com/view/photo/s_ratio_poster/public/p457760035.webp
4,阿甘正传,9.5,2417565,1994,导演: 罗伯特·泽米吉斯 Robert Zemeckis   主演: 汤姆·汉克斯 Tom Hanks / ...,剧情 爱情,https://movie.douban.com/subject/1292720/,https://img3.doubanio.com/view/photo/s_ratio_poster/public/p2500944103.webp
6,美丽人生,9.5,1474206,1997,导演: 罗伯托·贝尼尼 Roberto Benigni   主演: 罗伯托·贝尼尼 Roberto Beni...,剧情 喜剧 爱情 战争,https://movie.douban.com/subject/1292063/,https://img3.doubanio.com/view/photo/s_ratio_poster/public/p2578474613.webp
11,辛德勒的名单,9.5,1240987,1993,导演: 史蒂文·斯皮尔伯格 Steven Spielberg   主演: 连姆·尼森 Liam Neeson...,剧情 历史 战争,https://movie.douban.com/subject/1295124/,https://img3.doubanio.com/view/photo/s_ratio_poster/public/p492406163.webp
111,茶馆,9.5,207194,1982,导演: 谢添 Tian Xie   主演: 于是之 Shizhi Yu / 郑榕 Rong Zhen / 蓝天野 T...,剧情 历史,https://movie.douban.com/subject/1461403/,https://img9.doubanio.com/view/photo/s_ratio_poster/public/p2528965424.webp
162,背靠背，脸对脸,9.5,179288,1994,导演: 黄建新 Jianxin Huang / 杨亚洲 Yazhou Yang   主演: 牛振华 Zhenhua N...,剧情,https://movie.douban.com/subject/1307856/,https://img3.doubanio.com/view/photo/s_ratio_poster/public/p2505048077.webp
174,高山下的花环,9.5,158046,1984,导演: 谢晋 Jin Xie   主演: 吕晓禾 Xiaohe Lü / 唐国强 Guoqiang Tang / 何...,剧情 战争,https://movie.douban.com/subject/1422283/,https://img1.doubanio.com/view/photo/s_ratio_poster/public/p2319879389.webp
8,这个杀手不太冷,9.4,2540385,1994,导演: 吕克·贝松 Luc Besson   主演: 让·雷诺 Jean Reno / 娜塔莉·波特曼 ...,剧情 动作 犯罪,https://movie.douban.com/subject/1295644/,https://img9.doubanio.com/view/photo/s_ratio_poster/public/p2913554676.webp
5,千与千寻,9.4,2521737,2001,导演: 宫崎骏 Hayao Miyazaki   主演: 柊瑠美 Rumi Hîragi / 入野自由 Miy...,剧情 动画 奇幻,https://movie.douban.com/subject/1291561/,https://img1.doubanio.com/view/photo/s_ratio_poster/public/p2557573348.webp
9,盗梦空间,9.4,2312370,2010,导演: 克里斯托弗·诺兰 Christopher Nolan   主演: 莱昂纳多·迪卡普里奥 Le...,剧情 科幻 悬疑 冒险,https://movie.douban.com/subject/3541415/,https://img9.doubanio.com/view/photo/s_ratio_poster/public/p513344864.webp
7,星际穿越,9.4,2164444,2014,导演: 克里斯托弗·诺兰 Christopher Nolan   主演: 马修·麦康纳 Matthew Mc...,剧情 科幻 冒险,https://movie.douban.com/subject/1889243/,https://img3.doubanio.com/view/photo/s_ratio_poster/public/p2614988097.webp
10,楚门的世界,9.4,2004086,1998,导演: 彼得·威尔 Peter Weir   主演: 金·凯瑞 Jim Carrey / 劳拉·琳妮 Lau...,剧情 科幻,https://movie.douban.com/subject/1292064/,https://img3.doubanio.com/view/photo/s_ratio_poster/public/p479682972.webp
12,忠犬八公的故事,9.4,1535800,2009,导演: 莱塞·霍尔斯道姆 Lasse Hallström   主演: 理查·基尔 Richard Ger...,剧情,https://movie.douban.com/subject/3011091/,https://img1.doubanio.com/view/photo/s_ratio_poster/public/p2587099240.webp
38,十二怒汉,9.4,575112,1957,导演: 西德尼·吕美特 Sidney Lumet   主演: 亨利·方达 Henry Fonda / 马丁...,剧情,https://movie.douban.com/subject/1293182/,https://img3.doubanio.com/view/photo/s_ratio_poster/public/p2173577632.webp
53,大闹天宫,9.4,506825,1961,导演: 万籁鸣 Laiming Wan   主演: 邱岳峰 Yuefeng Qiu / 富润生 Runsheng Fu...,剧情 动画 奇幻 古装,https://movie.douban.com/subject/1418019/,https://img3.doubanio.com/view/photo/s_ratio_poster/public/p2184505167.webp
14,疯狂动物城,9.3,2302464,2016,导演: 拜伦·霍华德 Byron Howard / 瑞奇·摩尔 Rich Moore   主演: 金妮弗·...,喜剧 动画 冒险,https://movie.douban.com/subject/25662329/,https://img9.doubanio.com/view/photo/s_ratio_poster/public/p2924128964.webp
13,海上钢琴师,9.3,1869799,1998,导演: 朱塞佩·托纳多雷 Giuseppe Tornatore   主演: 蒂姆·罗斯 Tim Roth / ...,剧情 音乐,https://movie.douban.com/subject/1292001/,https://img9.doubanio.com/view/photo/s_ratio_poster/public/p2914698334.webp
18,无间道,9.3,1555064,2002,导演: 刘伟强 / 麦兆辉   主演: 刘德华 Andy Lau / 梁朝伟 Tony Leung Chiu W...,剧情 犯罪 惊悚,https://movie.douban.com/subject/1307914/,https://img3.doubanio.com/view/photo/s_ratio_poster/public/p2564556863.webp
16,机器人总动员,9.3,1482195,2008,导演: 安德鲁·斯坦顿 Andrew Stanton   主演: 本·贝尔特 Ben Burtt / 艾丽...,科幻 动画 冒险,https://movie.douban.com/subject/2131459/,https://img2.doubanio.com/view/photo/s_ratio_poster/public/p1461851991.webp
17,放牛班的春天,9.3,1465527,2004,导演: 克里斯托夫·巴拉蒂 Christophe Barratier   主演: 让-巴蒂斯特·莫尼...,剧情 音乐,https://movie.douban.com/subject/1291549/,https://img1.doubanio.com/view/photo/s_ratio_poster/public/p2884280708.webp
23,触不可及,9.3,1287481,2011,导演: 奥利维·那卡什 Olivier Nakache / 艾力克·托兰达 Eric Toledano   主...,剧情 喜剧,https://movie.douban.com/subject/6786002/,https://img9.doubanio.com/view/photo/s_ratio_poster/public/p1454261925.webp
24,教父,9.3,1100237,1972,导演: 弗朗西斯·福特·科波拉 Francis Ford Coppola   主演: 马龙·白兰度 M...,剧情 犯罪,https://movie.douban.com/subject/1291841/,https://img9.doubanio.com/view/photo/s_ratio_poster/public/p616779645.webp
22,熔炉,9.3,1031455,2011,导演: 黄东赫 Dong-hyuk Hwang   主演: 孔侑 Yoo Gong / 郑有美 Yu-mi Jung /...,剧情,https://movie.douban.com/subject/5912992/,https://img9.doubanio.com/view/photo/s_ratio_poster/public/p1363250216.webp
25,末代皇帝,9.3,1022602,1987,导演: 贝纳尔多·贝托鲁奇 Bernardo Bertolucci   主演: 尊龙 John Lone / 陈...,剧情 传记 历史,https://movie.douban.com/subject/1293172/,https://img3.doubanio.com/view/photo/s_ratio_poster/public/p452089833.webp
29,活着,9.3,964726,1994,导演: 张艺谋 Yimou Zhang   主演: 葛优 You Ge / 巩俐 Li Gong / 姜武 Wu Jiang,剧情 历史 家庭,https://movie.douban.com/subject/1292365/,https://img3.doubanio.com/view/photo/s_ratio_poster/public/p2597919477.webp
32,指环王3：王者无敌,9.3,905285,2003,导演: 彼得·杰克逊 Peter Jackson   主演: 伊利亚·伍德 Elijah Wood / 西恩...,剧情 动作 奇幻 冒险,https://movie.douban.com/subject/1291552/,https://img3.doubanio.com/view/photo/s_ratio_poster/public/p2642829472.webp
34,乱世佳人,9.3,789871,1939,导演: 维克多·弗莱明 Victor Fleming / 乔治·库克 George Cukor   主演: 费...,剧情 历史 爱情 战争,https://movie.douban.com/subject/1300267/,https://img1.doubanio.com/view/photo/s_ratio_poster/public/p1963126880.webp
39,海蒂和爷爷,9.3,773657,2015,导演: 阿兰·葛斯彭纳 Alain Gsponer   主演: 阿努克·斯特芬 Anuk Steffen /...,剧情 冒险 家庭,https://movie.douban.com/subject/25958717/,https://img9.doubanio.com/view/photo/s_ratio_poster/public/p2554525534.webp
40,素媛,9.3,772259,2013,导演: 李濬益 Jun-ik Lee   主演: 薛景求 Kyung-gu Sol / 严志媛 Ji-won Uhm ...,剧情,https://movie.douban.com/subject/21937452/,https://img9.doubanio.com/view/photo/s_ratio_poster/public/p2118532944.webp
46,钢琴家,9.3,746038,2002,导演: 罗曼·波兰斯基 Roman Polanski   主演: 艾德里安·布洛迪 Adrien Brod...,剧情 传记 战争 音乐,https://movie.douban.com/subject/1296736/,https://img2.doubanio.com/view/photo/s_ratio_poster/public/p1381339291.webp
43,鬼子来了,9.3,711221,2000,导演: 姜文 Wen Jiang   主演: 姜文 Wen Jiang / 香川照之 Teruyuki Kagawa /...,剧情 喜剧,https://movie.douban.com/subject/1291858/,https://img1.doubanio.com/view/photo/s_ratio_poster/public/p776573640.webp
57,教父2,9.3,635953,1974,导演: 弗朗西斯·福特·科波拉 Francis Ford Coppola   主演: 阿尔·帕西诺 A...,剧情 犯罪,https://movie.douban.com/subject/1299131/,https://img3.doubanio.com/view/photo/s_ratio_poster/public/p2194138787.webp
96,海豚湾,9.3,381714,2009,导演: 路易·西霍尤斯 Louie Psihoyos   主演: 路易·西霍尤斯 Louie Psihoyo...,纪录片,https://movie.douban.com/subject/3442220/,https://img1.doubanio.com/view/photo/s_ratio_poster/public/p2559579779.webp
83,还有明天,9.3,361353,2023,导演: 宝拉·柯特莱西 Paola Cortellesi   主演: 宝拉·柯特莱西 Paola Corte...,剧情 喜剧 历史,https://movie.douban.com/subject/36445098/,https://img9.doubanio.com/view/photo/s_ratio_poster/public/p2918279456.webp
91,摩登时代,9.3,345445,1936,导演: 查理·卓别林 Charles Chaplin   主演: 查理·卓别林 Charles Chaplin ...,剧情 喜剧 爱情,https://movie.douban.com/subject/1294371/,https://img1.doubanio.com/view/photo/s_ratio_poster/public/p2263408369.webp
154,七武士,9.3,235019,1954,导演: 黑泽明 Akira Kurosawa   主演: 三船敏郎 Toshirô Mifune / 志村乔 ...,动作 冒险 剧情,https://movie.douban.com/subject/1295399/,https://img9.doubanio.com/view/photo/s_ratio_poster/public/p2215886505.webp
198,芙蓉镇,9.3,189495,1987,导演: 谢晋 Jin Xie   主演: 刘晓庆 Xiaoqing Liu / 姜文 Wen Jiang / 郑在石...,剧情 爱情,https://movie.douban.com/subject/1297880/,https://img1.doubanio.com/view/photo/s_ratio_poster/public/p2575337180.webp
213,城市之光,9.3,172725,1931,导演: 查理·卓别林 Charles Chaplin   主演: 查理·卓别林 Charles Chaplin ...,喜剧 剧情 爱情,https://movie.douban.com/subject/1293908/,https://img1.doubanio.com/view/photo/s_ratio_poster/public/p2170238828.webp
15,三傻大闹宝莱坞,9.2,2067911,2009,导演: 拉库马·希拉尼 Rajkumar Hirani   主演: 阿米尔·汗 Aamir Khan / 卡...,剧情 喜剧 爱情 歌舞,https://movie.douban.com/subject/3793023/,https://img2.doubanio.com/view/photo/s_ratio_poster/public/p579729551.webp
21,大话西游之大圣娶亲,9.2,1701257,1995,导演: 刘镇伟 Jeffrey Lau   主演: 周星驰 Stephen Chow / 吴孟达 Man Tat Ng...,喜剧 爱情 奇幻 古装,https://movie.douban.com/subject/1292213/,https://img9.doubanio.com/view/photo/s_ratio_poster/public/p2455050536.webp
26,哈利·波特与魔法石,9.2,1413020,2001,导演: Chris Columbus   主演: Daniel Radcliffe / Emma Watson / Rupert Grint,奇幻 冒险,https://movie.douban.com/subject/1295038/,https://img1.doubanio.com/view/photo/s_ratio_poster/public/p2913781448.webp
28,龙猫,9.2,1404249,1988,导演: 宫崎骏 Hayao Miyazaki   主演: 日高法子 Noriko Hidaka / 坂本千夏 Ch...,动画 奇幻 冒险,https://movie.douban.com/subject/1291560/,https://img9.doubanio.com/view/photo/s_ratio_poster/public/p2540924496.webp
31,蝙蝠侠：黑暗骑士,9.2,1187019,2008,导演: 克里斯托弗·诺兰 Christopher Nolan   主演: 克里斯蒂安·贝尔 Christ...,剧情 动作 科幻 犯罪 惊悚,https://movie.douban.com/subject/1851857/,https://img3.doubanio.com/view/photo/s_ratio_poster/public/p462657443.webp
42,天空之城,9.2,1003932,1986,导演: 宫崎骏 Hayao Miyazaki   主演: 田中真弓 Mayumi Tanaka / 横泽启子 Ke...,动画 奇幻 冒险,https://movie.douban.com/subject/1291583/,https://img2.doubanio.com/view/photo/s_ratio_poster/public/p2892409201.webp
48,死亡诗社,9.2,874831,1989,导演: 彼得·威尔 Peter Weir   主演: 罗宾·威廉姆斯 Robin Williams / 罗伯...,剧情,https://movie.douban.com/subject/1291548/,https://img1.doubanio.com/view/photo/s_ratio_poster/public/p2575465690.webp
47,指环王2：双塔奇兵,9.2,852446,2002,导演: 彼得·杰克逊 Peter Jackson   主演: 伊利亚·伍德 Elijah Wood / 西恩...,剧情 动作 奇幻 冒险,https://movie.douban.com/subject/1291572/,https://img9.doubanio.com/view/photo/s_ratio_poster/public/p2640236255.webp
59,天堂电影院,9.2,738008,1988,导演: 朱塞佩·托纳多雷 Giuseppe Tornatore   主演: 菲利普·努瓦雷 Philipp...,剧情 爱情,https://movie.douban.com/subject/1291828/,https://img1.doubanio.com/view/photo/s_ratio_poster/public/p2653054340.webp
60,饮食男女,9.2,720688,1994,导演: 李安 Ang Lee   主演: 郎雄 Sihung Lung / 杨贵媚 Kuei-Mei Yang / 吴...,剧情 家庭,https://movie.douban.com/subject/1291818/,https://img2.doubanio.com/view/photo/s_ratio_poster/public/p1910899751.webp
61,辩护人,9.2,655364,2013,导演: 杨宇硕 Woo-seok Yang   主演: 宋康昊 Kang-ho Song / 金英爱 Yeong-ae...,剧情,https://movie.douban.com/subject/21937445/,https://img9.doubanio.com/view/photo/s_ratio_poster/public/p2158166535.webp
65,穿条纹睡衣的男孩,9.2,638961,2008,导演: 马克·赫尔曼 Mark Herman   主演: 阿萨·巴特菲尔德 Asa Butterfield ...,剧情 战争,https://movie.douban.com/subject/3008247/,https://img3.doubanio.com/view/photo/s_ratio_poster/public/p1473670352.webp
69,窃听风暴,9.2,629473,2006,导演: 弗洛里安·亨克尔·冯·多纳斯马尔克 Florian Henckel von Donnersmarck  &n...,剧情 悬疑,https://movie.douban.com/subject/1900841/,https://img1.doubanio.com/view/photo/s_ratio_poster/public/p1808872109.webp
78,小鞋子,9.2,462615,1997,导演: 马基德·马基迪 Majid Majidi   主演: 默罕默德·阿米尔·纳吉 Mohamma...,剧情 儿童 家庭,https://movie.douban.com/subject/1303021/,https://img9.doubanio.com/view/photo/s_ratio_poster/public/p2165511465.webp
106,天书奇谭,9.2,333293,1983,导演: 王树忱 Shuchen Wang / 钱运达 Yunda Qian   主演: 丁建华 Jianhua Din...,动画 奇幻,https://movie.douban.com/subject/1428581/,https://img9.doubanio.com/view/photo/s_ratio_poster/public/p2700138245.webp
142,哪吒闹海,9.2,307684,1979,导演: 王树忱 Shuchen Wang / 严定宪 Dingxian Yan   主演: 梁正晖 Zhenghui ...,冒险 动画 奇幻,https://movie.douban.com/subject/1307315/,https://img9.doubanio.com/view/photo/s_ratio_poster/public/p2532803206.webp
199,忠犬八公物语,9.2,218483,1987,导演: 神山征二郎 Seijirô Kôyama   主演: 仲代达矢 Tatsuya Nakadai /...,剧情,https://movie.douban.com/subject/1959195/,https://img9.doubanio.com/view/photo/s_ratio_poster/public/p2603716224.webp
30,怦然心动,9.1,2041296,2010,导演: 罗伯·莱纳 Rob Reiner   主演: 玛德琳·卡罗尔 Madeline Carroll / 卡...,剧情 喜剧 爱情,https://movie.douban.com/subject/3319755/,https://img1.doubanio.com/view/photo/s_ratio_poster/public/p501177648.webp
20,寻梦环游记,9.1,1972441,2017,导演: 李·昂克里奇 Lee Unkrich / 阿德里安·莫利纳 Adrian Molina   主演: ...,喜剧 动画 奇幻 音乐,https://movie.douban.com/subject/20495023/,https://img2.doubanio.com/view/photo/s_ratio_poster/public/p2505426431.webp
27,当幸福来敲门,9.1,1679725,2006,导演: 加布里尔·穆奇诺 Gabriele Muccino   主演: 威尔·史密斯 Will Smith ...,剧情 传记 家庭,https://movie.douban.com/subject/1849031/,https://img1.doubanio.com/view/photo/s_ratio_poster/public/p1312700628.webp
35,飞屋环游记,9.1,1491735,2009,导演: 彼特·道格特 Pete Docter / 鲍勃·彼德森 Bob Peterson   主演: 爱德...,剧情 喜剧 动画 冒险,https://movie.douban.com/subject/2129039/,https://img1.doubanio.com/view/photo/s_ratio_poster/public/p2553594918.webp
45,少年派的奇幻漂流,9.1,1483711,2012,导演: 李安 Ang Lee   主演: 苏拉·沙玛 Suraj Sharma / 伊尔凡·可汗 Irrfan...,剧情 奇幻 冒险,https://movie.douban.com/subject/1929463/,https://img2.doubanio.com/view/photo/s_ratio_poster/public/p1784592701.webp
37,哈尔的移动城堡,9.1,1281989,2004,导演: 宫崎骏 Hayao Miyazaki   主演: 倍赏千惠子 Chieko Baishô / 木村拓...,爱情 动画 奇幻 冒险,https://movie.douban.com/subject/1308807/,https://img9.doubanio.com/view/photo/s_ratio_poster/public/p2907583906.webp
41,猫鼠游戏,9.1,1202647,2002,导演: 史蒂文·斯皮尔伯格 Steven Spielberg   主演: 莱昂纳多·迪卡普里奥 L...,传记 犯罪 剧情,https://movie.douban.com/subject/1305487/,https://img2.doubanio.com/view/photo/s_ratio_poster/public/p453924541.webp
50,何以为家,9.1,1157929,2018,导演: 娜丁·拉巴基 Nadine Labaki   主演: 扎因·拉费阿 Zain al-Rafeea / ...,剧情,https://movie.douban.com/subject/30170448/,https://img3.doubanio.com/view/photo/s_ratio_poster/public/p2875749222.webp
56,罗马假日,9.1,1044281,1953,导演: 威廉·惠勒 William Wyler   主演: 奥黛丽·赫本 Audrey Hepburn / 格...,喜剧 剧情 爱情,https://movie.douban.com/subject/1293839/,https://img9.doubanio.com/view/photo/s_ratio_poster/public/p2189265085.webp
52,闻香识女人,9.1,1017407,1992,导演: 马丁·布莱斯 Martin Brest   主演: 阿尔·帕西诺 Al Pacino / 克里斯...,剧情,https://movie.douban.com/subject/1298624/,https://img1.doubanio.com/view/photo/s_ratio_poster/public/p2550757929.webp
58,狮子王,9.1,956036,1994,导演: Roger Allers / 罗伯·明可夫 Rob Minkoff   主演: 乔纳森·泰勒·托马...,动画 冒险 歌舞,https://movie.douban.com/subject/1301753/,https://img3.doubanio.com/view/photo/s_ratio_poster/public/p726659067.webp
55,指环王1：护戒使者,9.1,954868,2001,导演: 彼得·杰克逊 Peter Jackson   主演: 伊利亚·伍德 Elijah Wood / 西恩...,剧情 动作 奇幻 冒险,https://movie.douban.com/subject/1291571/,https://img9.doubanio.com/view/photo/s_ratio_poster/public/p2197698335.webp
54,黑客帝国,9.1,945119,1999,导演: 安迪·沃卓斯基 Andy Wachowski / 拉娜·沃卓斯基 Lana Wachowski   主...,动作 科幻,https://movie.douban.com/subject/1291843/,https://img1.doubanio.com/view/photo/s_ratio_poster/public/p451926968.webp
64,美丽心灵,9.1,850485,2001,导演: 朗·霍华德 Ron Howard   主演: 罗素·克劳 Russell Crowe / 艾德·哈...,传记 剧情,https://movie.douban.com/subject/1306029/,https://img1.doubanio.com/view/photo/s_ratio_poster/public/p1665997400.webp
76,拯救大兵瑞恩,9.1,721860,1998,导演: 史蒂文·斯皮尔伯格 Steven Spielberg   主演: 汤姆·汉克斯 Tom Hanks...,剧情 战争,https://movie.douban.com/subject/1292849/,https://img9.doubanio.com/view/photo/s_ratio_poster/public/p1014542496.webp
70,音乐之声,9.1,681215,1965,导演: 罗伯特·怀斯 Robert Wise   主演: 朱莉·安德鲁斯 Julie Andrews / 克...,剧情 传记 爱情 歌舞,https://movie.douban.com/subject/1294408/,https://img3.doubanio.com/view/photo/s_ratio_poster/public/p453788577.webp
68,两杆大烟枪,9.1,674534,1998,导演: 盖·里奇 Guy Ritchie   主演: 杰森·弗莱明 Jason Flemyng / 德克斯特...,剧情 喜剧 犯罪,https://movie.douban.com/subject/1293350/,https://img1.doubanio.com/view/photo/s_ratio_poster/public/p792443418.webp
81,飞越疯人院,9.1,601510,1975,导演: 米洛斯·福尔曼 Miloš Forman   主演: 杰克·尼科尔森 Jack Nichols...,剧情,https://movie.douban.com/subject/1292224/,https://img3.doubanio.com/view/photo/s_ratio_poster/public/p792238287.webp
89,一一,9.1,505501,2000,导演: 杨德昌 Edward Yang   主演: 吴念真 / 李凯莉 Kelly Lee / 金燕玲 Elai...,剧情 爱情 家庭,https://movie.douban.com/subject/1292434/,https://img1.doubanio.com/view/photo/s_ratio_poster/public/p2924629258.webp
97,美国往事,9.1,469995,1984,导演: 赛尔乔·莱翁内 Sergio Leone   主演: 罗伯特·德尼罗 Robert De Niro ...,犯罪 剧情,https://movie.douban.com/subject/1292262/,https://img3.doubanio.com/view/photo/s_ratio_poster/public/p477229647.webp
101,狩猎,9.1,468269,2012,导演: 托马斯·温特伯格 Thomas Vinterberg   主演: 麦斯·米科尔森 Mads Mik...,剧情,https://movie.douban.com/subject/6985810/,https://img3.doubanio.com/view/photo/s_ratio_poster/public/p1546987967.webp
164,机器人之梦,9.1,434316,2023,导演: 巴勃罗·贝格尔 Pablo Berger   主演: 伊万·拉班达 Ivan Labanda,剧情 动画 音乐,https://movie.douban.com/subject/35426925/,https://img1.doubanio.com/view/photo/s_ratio_poster/public/p2928203369.webp
116,未麻的部屋,9.1,423712,1997,导演: 今敏 Satoshi Kon   主演: 岩男润子 Junko Iwao / 松本梨香 Rica Matsu...,剧情 犯罪 动画 悬疑 惊悚,https://movie.douban.com/subject/1395091/,https://img3.doubanio.com/view/photo/s_ratio_poster/public/p1351050722.webp
127,无人知晓,9.1,371465,2004,导演: 是枝裕和 Hirokazu Koreeda   主演: 柳乐优弥 Yûya Yagira / 北浦爱...,剧情,https://movie.douban.com/subject/1292337/,https://img3.doubanio.com/view/photo/s_ratio_poster/public/p661160053.webp
133,完美的世界,9.1,359521,1993,导演: 克林特·伊斯特伍德 Clint Eastwood   主演: 凯文·科斯特纳 Kevin Cos...,剧情 犯罪,https://movie.douban.com/subject/1300992/,https://img1.doubanio.com/view/photo/s_ratio_poster/public/p2190556408.webp
181,雨中曲,9.1,268279,1952,导演: 斯坦利·多南 Stanley Donen / 吉恩·凯利 Gene Kelly   主演: 吉恩·...,喜剧 歌舞 爱情,https://movie.douban.com/subject/1293460/,https://img9.doubanio.com/view/photo/s_ratio_poster/public/p1612355875.webp
33,我不是药神,9.0,2339896,2018,导演: 文牧野 Muye Wen   主演: 徐峥 Zheng Xu / 王传君 Chuanjun Wang / 周...,剧情 喜剧,https://movie.douban.com/subject/26752088/,https://img9.doubanio.com/view/photo/s_ratio_poster/public/p2561305376.webp
36,让子弹飞,9.0,1911387,2010,导演: 姜文 Wen Jiang   主演: 姜文 Wen Jiang / 葛优 You Ge / 周润发 Yun-F...,剧情 喜剧 动作 西部,https://movie.douban.com/subject/3742360/,https://img3.doubanio.com/view/photo/s_ratio_poster/public/p1512562287.webp
44,摔跤吧！爸爸,9.0,1737333,2016,导演: 涅提·蒂瓦里 Nitesh Tiwari   主演: 阿米尔·汗 Aamir Khan / 法缇玛...,剧情 传记 运动 家庭,https://movie.douban.com/subject/26387939/,https://img1.doubanio.com/view/photo/s_ratio_poster/public/p2401676338.webp
49,大话西游之月光宝盒,9.0,1359513,1995,导演: 刘镇伟 Jeffrey Lau   主演: 周星驰 Stephen Chow / 吴孟达 Man Tat Ng...,喜剧 爱情 奇幻 古装,https://movie.douban.com/subject/1299398/,https://img3.doubanio.com/view/photo/s_ratio_poster/public/p2561721372.webp
62,本杰明·巴顿奇事,9.0,1100134,2008,导演: 大卫·芬奇 David Fincher   主演: 布拉德·皮特 Brad Pitt / 凯特·布...,剧情 爱情 奇幻,https://movie.douban.com/subject/1485260/,https://img3.doubanio.com/view/photo/s_ratio_poster/public/p2192535722.webp
63,搏击俱乐部,9.0,968710,1999,导演: 大卫·芬奇 David Fincher   主演: 爱德华·诺顿 Edward Norton / 布拉...,剧情 动作 悬疑 惊悚,https://movie.douban.com/subject/1292000/,https://img3.doubanio.com/view/photo/s_ratio_poster/public/p1910931622.webp
67,哈利·波特与死亡圣器(下),9.0,966036,2011,导演: 大卫·叶茨 David Yates   主演: 丹尼尔·雷德克里夫 Daniel Radcliffe...,奇幻 冒险,https://movie.douban.com/subject/3011235/,https://img1.doubanio.com/view/photo/s_ratio_poster/public/p2913457020.webp
72,哈利·波特与阿兹卡班的囚徒,9.0,886268,2004,导演: 阿方索·卡隆 Alfonso Cuarón   主演: 丹尼尔·雷德克里夫 Daniel Rad...,奇幻 冒险,https://movie.douban.com/subject/1291544/,https://img1.doubanio.com/view/photo/s_ratio_poster/public/p2913456870.webp
84,心灵捕手,9.0,812013,1997,导演: 格斯·范·桑特 Gus Van Sant   主演: 马特·达蒙 Matt Damon / 罗宾·...,剧情,https://movie.douban.com/subject/1292656/,https://img9.doubanio.com/view/photo/s_ratio_poster/public/p480965695.webp
87,超脱,9.0,719708,2011,导演: 托尼·凯耶 Tony Kaye   主演: 艾德里安·布洛迪 Adrien Brody / 马西...,剧情,https://movie.douban.com/subject/5322596/,https://img2.doubanio.com/view/photo/s_ratio_poster/public/p1305562621.webp
94,春光乍泄,9.0,707433,1997,导演: 王家卫 Kar Wai Wong   主演: 张国荣 Leslie Cheung / 梁朝伟 Tony Leu...,剧情 爱情 同性,https://movie.douban.com/subject/1292679/,https://img2.doubanio.com/view/photo/s_ratio_poster/public/p465939041.webp
98,红辣椒,9.0,567112,2006,导演: 今敏 Satoshi Kon   主演: 林原惠美 Megumi Hayashibara / 江守彻 Toru...,动画 悬疑 科幻 惊悚,https://movie.douban.com/subject/1865703/,https://img1.doubanio.com/view/photo/s_ratio_poster/public/p2794776839.webp
138,小森林 夏秋篇,9.0,472629,2014,导演: 森淳一 Junichi Mori   主演: 桥本爱 Ai Hashimoto / 三浦贵大 Takahir...,剧情,https://movie.douban.com/subject/25814705/,https://img1.doubanio.com/view/photo/s_ratio_poster/public/p2232317770.webp
153,玛丽和麦克斯,9.0,469957,2009,导演: 亚当·艾略特 Adam Elliot   主演: 托妮·科莱特 Toni Collette / 菲利...,剧情 喜剧 动画,https://movie.douban.com/subject/3072124/,https://img9.doubanio.com/view/photo/s_ratio_poster/public/p2923412445.webp
140,教父3,9.0,431323,1990,导演: 弗朗西斯·福特·科波拉 Francis Ford Coppola   主演: 阿尔·帕西诺 A...,剧情 犯罪,https://movie.douban.com/subject/1294240/,https://img2.doubanio.com/view/photo/s_ratio_poster/public/p2169664351.webp
150,喜宴,9.0,430607,1993,导演: 李安 Ang Lee   主演: 赵文瑄 Winston Chao / 归亚蕾 Ya-lei Kuei / 郎...,剧情 喜剧 爱情 同性 家庭,https://movie.douban.com/subject/1303037/,https://img3.doubanio.com/view/photo/s_ratio_poster/public/p2249048907.webp
149,小森林 冬春篇,9.0,419985,2015,导演: 森淳一 Junichi Mori   主演: 桥本爱 Ai Hashimoto / 三浦贵大 Takahir...,剧情,https://movie.douban.com/subject/25814707/,https://img1.doubanio.com/view/photo/s_ratio_poster/public/p2258078370.webp
165,我是山姆,9.0,376083,2001,导演: 杰茜·尼尔森 Jessie Nelson   主演: Sean Penn / Dakota Fanning / Mi...,剧情 家庭,https://movie.douban.com/subject/1306861/,https://img9.doubanio.com/view/photo/s_ratio_poster/public/p652417775.webp
157,惊魂记,9.0,355624,1960,导演: 阿尔弗雷德·希区柯克 Alfred Hitchcock   主演: 安东尼·博金斯 Antho...,悬疑 惊悚 恐怖,https://movie.douban.com/subject/1293181/,https://img9.doubanio.com/view/photo/s_ratio_poster/public/p1021883305.webp
173,末路狂花,9.0,345448,1991,导演: 雷德利·斯科特 Ridley Scott   主演: 吉娜·戴维斯 Geena Davis / 苏...,犯罪 剧情 惊悚,https://movie.douban.com/subject/1291992/,https://img9.doubanio.com/view/photo/s_ratio_poster/public/p1910924635.webp
185,上帝之城,9.0,333155,2002,导演: 费尔南多·梅里尔斯 Fernando Meirelles / 卡迪亚·兰德 Kátia Lund  &nbsp...,犯罪 剧情,https://movie.douban.com/subject/1292208/,https://img1.doubanio.com/view/photo/s_ratio_poster/public/p455677490.webp
192,东京教父,9.0,290757,2003,导演: 今敏 Satoshi Kon   主演: 江守彻 Toru Emori / 梅垣义明 Yoshiaki Ume...,剧情 喜剧 动画,https://movie.douban.com/subject/1310177/,https://img1.doubanio.com/view/photo/s_ratio_poster/public/p456703618.webp
244,攻壳机动队,9.0,217767,1995,导演: 押井守 Mamoru Oshii   主演: 田中敦子 Atsuko Tanaka / 大冢明夫 Akio...,动作 科幻 动画,https://movie.douban.com/subject/1291936/,https://img3.doubanio.com/view/photo/s_ratio_poster/public/p2921045013.webp
51,绿皮书,8.9,1882121,2018,导演: 彼得·法雷里 Peter Farrelly   主演: 维果·莫腾森 Viggo Mortensen /...,剧情 喜剧 传记 音乐,https://movie.douban.com/subject/27060077/,https://img2.doubanio.com/view/photo/s_ratio_poster/public/p2531065411.webp
71,功夫,8.9,1328794,2004,导演: 周星驰 Stephen Chow   主演: 周星驰 Stephen Chow / 元秋 Qiu Yuen / ...,动作 喜剧 犯罪 奇幻,https://movie.douban.com/subject/1291543/,https://img1.doubanio.com/view/photo/s_ratio_poster/public/p2219011938.webp
66,情书,8.9,1318748,1995,导演: 岩井俊二 Shunji Iwai   主演: 中山美穗 Miho Nakayama / 丰川悦司 Ets...,剧情 爱情,https://movie.douban.com/subject/1292220/,https://img1.doubanio.com/view/photo/s_ratio_poster/public/p2648230660.webp
82,禁闭岛,8.9,1108018,2010,导演: Martin Scorsese   主演: 莱昂纳多·迪卡普里奥 Leonardo DiCaprio / ...,剧情 悬疑 惊悚,https://movie.douban.com/subject/2334904/,https://img1.doubanio.com/view/photo/s_ratio_poster/public/p450262388.webp
73,西西里的美丽传说,8.9,1089151,2000,导演: 朱塞佩·托纳多雷 Giuseppe Tornatore   主演: 莫妮卡·贝鲁奇 Monica ...,剧情 战争 情色,https://movie.douban.com/subject/1292402/,https://img1.doubanio.com/view/photo/s_ratio_poster/public/p2441988159.webp
79,布达佩斯大饭店,8.9,1080554,2014,导演: 韦斯·安德森 Wes Anderson   主演: 拉尔夫·费因斯 Ralph Fiennes / ...,剧情 喜剧 冒险,https://movie.douban.com/subject/11525673/,https://img3.doubanio.com/view/photo/s_ratio_poster/public/p2183539003.webp
80,蝴蝶效应,8.9,1063347,2004,导演: 埃里克·布雷斯 Eric Bress / J·麦基·格鲁伯 J. Mackye Gruber   主...,剧情 悬疑 科幻 惊悚,https://movie.douban.com/subject/1292343/,https://img1.doubanio.com/view/photo/s_ratio_poster/public/p2209066019.webp
77,沉默的羔羊,8.9,1011703,1991,导演: 乔纳森·戴米 Jonathan Demme   主演: 朱迪·福斯特 Jodie Foster / 安...,剧情 犯罪 惊悚,https://movie.douban.com/subject/1293544/,https://img3.doubanio.com/view/photo/s_ratio_poster/public/p1593414327.webp
85,致命魔术,8.9,960975,2006,导演: 克里斯托弗·诺兰 Christopher Nolan   主演: 休·杰克曼 Hugh Jackman...,剧情 悬疑 惊悚,https://movie.douban.com/subject/1780330/,https://img9.doubanio.com/view/photo/s_ratio_poster/public/p480383375.webp
86,低俗小说,8.9,955331,1994,导演: 昆汀·塔伦蒂诺 Quentin Tarantino   主演: 约翰·特拉沃尔塔 John Tra...,剧情 喜剧 犯罪,https://movie.douban.com/subject/1291832/,https://img3.doubanio.com/view/photo/s_ratio_poster/public/p1910902213.webp
93,致命ID,8.9,944111,2003,导演: 詹姆斯·曼高德 James Mangold   主演: 约翰·库萨克 John Cusack / 雷...,剧情 悬疑 惊悚,https://movie.douban.com/subject/1297192/,https://img9.doubanio.com/view/photo/s_ratio_poster/public/p2558364386.webp
88,哈利·波特与密室,8.9,912462,2002,导演: Chris Columbus   主演: 丹尼尔·雷德克里夫 Daniel Radcliffe / 艾玛...,奇幻 冒险,https://movie.douban.com/subject/1296996/,https://img2.doubanio.com/view/photo/s_ratio_poster/public/p2913781951.webp
92,杀人回忆,8.9,833417,2003,导演: 奉俊昊 Joon-ho Bong   主演: 宋康昊 Kang-ho Song / 金相庆 Sang-kyun...,剧情 动作 犯罪 悬疑 惊悚,https://movie.douban.com/subject/1300299/,https://img1.doubanio.com/view/photo/s_ratio_poster/public/p1633113220.webp
105,蝙蝠侠：黑暗骑士崛起,8.9,812057,2012,导演: 克里斯托弗·诺兰 Christopher Nolan   主演: 克里斯蒂安·贝尔 Christ...,剧情 动作 科幻 犯罪 惊悚,https://movie.douban.com/subject/3395373/,https://img9.doubanio.com/view/photo/s_ratio_poster/public/p1706428744.webp
119,入殓师,8.9,741826,2008,导演: 泷田洋二郎 Yôjirô Takita   主演: 本木雅弘 Masahiro Motoki / ...,剧情,https://movie.douban.com/subject/2149806/,https://img9.doubanio.com/view/photo/s_ratio_poster/public/p2707581855.webp
120,菊次郎的夏天,8.9,672160,1999,导演: 北野武 Takeshi Kitano   主演: 北野武 Takeshi Kitano / 关口雄介 Yus...,剧情 喜剧,https://movie.douban.com/subject/1293359/,https://img9.doubanio.com/view/photo/s_ratio_poster/public/p2620392435.webp
103,甜蜜蜜,8.9,670268,1996,导演: 陈可辛 Peter Chan   主演: 黎明 Leon Lai / 张曼玉 Maggie Cheung / ...,剧情 爱情,https://movie.douban.com/subject/1305164/,https://img9.doubanio.com/view/photo/s_ratio_poster/public/p2223011274.webp
102,幽灵公主,8.9,667267,1997,导演: 宫崎骏 Hayao Miyazaki   主演: 松田洋治 Yôji Matsuda / 石田百合...,动画 奇幻 冒险,https://movie.douban.com/subject/1297359/,https://img3.doubanio.com/view/photo/s_ratio_poster/public/p2920895053.webp
112,爱在日落黄昏时,8.9,651371,2004,导演: 理查德·林克莱特 Richard Linklater   主演: 伊桑·霍克 Ethan Hawke ...,剧情 爱情,https://movie.douban.com/subject/1291990/,https://img9.doubanio.com/view/photo/s_ratio_poster/public/p2191788134.webp
109,第六感,8.9,634883,1999,导演: M·奈特·沙马兰 M. Night Shyamalan   主演: 布鲁斯·威利斯 Bruce Wi...,剧情 悬疑 惊悚,https://movie.douban.com/subject/1297630/,https://img9.doubanio.com/view/photo/s_ratio_poster/public/p2220184425.webp
118,借东西的小人阿莉埃蒂,8.9,626360,2010,导演: 米林宏昌 Hiromasa Yonebayashi   主演: 志田未来 Mirai Shida / 神木...,动画 奇幻 冒险,https://movie.douban.com/subject/4202302/,https://img9.doubanio.com/view/photo/s_ratio_poster/public/p617533616.webp
107,7号房的礼物,8.9,620484,2013,导演: 李焕庆 Hwan-kyeong Lee   主演: 柳承龙 Seung-yong Ryoo / 朴信惠 Shi...,剧情 喜剧 家庭,https://movie.douban.com/subject/10777687/,https://img9.doubanio.com/view/photo/s_ratio_poster/public/p1816276065.webp
123,勇敢的心,8.9,604726,1995,导演: 梅尔·吉布森 Mel Gibson   主演: 梅尔·吉布森 Mel Gibson / 苏菲·玛...,动作 传记 剧情 历史 战争,https://movie.douban.com/subject/1294639/,https://img1.doubanio.com/view/photo/s_ratio_poster/public/p2004174709.webp
132,玩具总动员3,8.9,591292,2010,导演: 李·昂克里奇 Lee Unkrich   主演: 汤姆·汉克斯 Tom Hanks / 蒂姆·艾...,喜剧 动画 奇幻 冒险,https://movie.douban.com/subject/1858711/,https://img1.doubanio.com/view/photo/s_ratio_poster/public/p1283675359.webp
134,一个叫欧维的男人决定去死,8.9,567484,2015,导演: 汉内斯·赫尔姆 Hannes Holm   主演: 罗夫·拉斯加德 Rolf Lassgård...,剧情,https://movie.douban.com/subject/26628357/,https://img3.doubanio.com/view/photo/s_ratio_poster/public/p2406624993.webp
131,新世界,8.9,525960,2013,导演: 朴勋政 Hoon-jung Park   主演: 李政宰 Jung-Jae Lee / 崔岷植 Min-sik...,剧情 犯罪,https://movie.douban.com/subject/10437779/,https://img1.doubanio.com/view/photo/s_ratio_poster/public/p1903379979.webp
141,侧耳倾听,8.9,519756,1995,导演: 近藤喜文 Yoshifumi Kondo   主演: 本名阳子 Youko Honna / 小林桂树 K...,剧情 爱情 动画,https://movie.douban.com/subject/1297052/,https://img3.doubanio.com/view/photo/s_ratio_poster/public/p456692072.webp
179,爱在午夜降临前,8.9,472702,2013,导演: 理查德·林克莱特 Richard Linklater   主演: 伊桑·霍克 Ethan Hawke ...,剧情 爱情,https://movie.douban.com/subject/10808442/,https://img1.doubanio.com/view/photo/s_ratio_poster/public/p2074715729.webp
171,谍影重重3,8.9,470366,2007,导演: 保罗·格林格拉斯 Paul Greengrass   主演: 马特·达蒙 Matt Damon / ...,动作 悬疑 惊悚,https://movie.douban.com/subject/1578507/,https://img3.doubanio.com/view/photo/s_ratio_poster/public/p792223507.webp
182,2001太空漫游,8.9,395795,1968,导演: 斯坦利·库布里克 Stanley Kubrick   主演: 凯尔·杜拉 Keir Dullea / ...,科幻 惊悚 冒险,https://movie.douban.com/subject/1292226/,https://img9.doubanio.com/view/photo/s_ratio_poster/public/p2560717825.webp
184,风之谷,8.9,393320,1984,导演: 宫崎骏 Hayao Miyazaki   主演: 岛本须美 Sumi Shimamoto / 松田洋治 Y...,动画 奇幻 冒险,https://movie.douban.com/subject/1291585/,https://img3.doubanio.com/view/photo/s_ratio_poster/public/p1917567652.webp
178,绿里奇迹,8.9,387757,1999,导演: 弗兰克·德拉邦特 Frank Darabont   主演: 汤姆·汉克斯 Tom Hanks / ...,犯罪 剧情 奇幻 悬疑,https://movie.douban.com/subject/1300374/,https://img2.doubanio.com/view/photo/s_ratio_poster/public/p767586451.webp
208,你看起来好像很好吃,8.9,375544,2010,导演: 藤森雅也 Masaya Fujimori   主演: 山口胜平 Kappei Yamaguchi / 爱河...,剧情 动画 儿童,https://movie.douban.com/subject/4848115/,https://img3.doubanio.com/view/photo/s_ratio_poster/public/p709670262.webp
194,牯岭街少年杀人事件,8.9,368559,1991,导演: 杨德昌 Edward Yang   主演: 张震 Chen Chang / 杨静怡 Lisa Yang / 张...,剧情 犯罪,https://movie.douban.com/subject/1292329/,https://img9.doubanio.com/view/photo/s_ratio_poster/public/p848381236.webp
191,卢旺达饭店,8.9,366862,2004,导演: 特瑞·乔治 Terry George   主演: 唐·钱德尔 Don Cheadle / 苏菲·奥...,剧情 传记 历史 战争,https://movie.douban.com/subject/1291822/,https://img3.doubanio.com/view/photo/s_ratio_poster/public/p470419493.webp
209,可可西里,8.9,346197,2004,导演: 陆川 Chuan Lu   主演: 多布杰 Duobujie / 张磊 Lei Zhang / 亓亮 Qi L...,剧情 犯罪,https://movie.douban.com/subject/1308857/,https://img9.doubanio.com/view/photo/s_ratio_poster/public/p2363208684.webp
228,虎口脱险,8.9,296067,1966,导演: 杰拉尔·乌里 Gérard Oury   主演: 路易·德·菲耐斯 Louis de Funès...,喜剧 战争,https://movie.douban.com/subject/1296909/,https://img3.doubanio.com/view/photo/s_ratio_poster/public/p2399597512.webp
248,隐藏人物,8.9,271785,2016,导演: 特奥多尔·梅尔菲 Theodore Melfi   主演: 塔拉吉·P·汉森 Taraji P. ...,剧情 传记 历史,https://movie.douban.com/subject/26615208/,https://img1.doubanio.com/view/photo/s_ratio_poster/public/p2374067318.webp
74,阿凡达,8.8,1580210,2009,导演: 詹姆斯·卡梅隆 James Cameron   主演: 萨姆·沃辛顿 Sam Worthington ...,动作 科幻 冒险,https://movie.douban.com/subject/1652587/,https://img1.doubanio.com/view/photo/s_ratio_poster/public/p2180085848.webp
104,寄生虫,8.8,1543588,2019,导演: 奉俊昊 Joon-ho Bong   主演: 宋康昊 Kang-ho Song / 李善均 Seon-gyun...,剧情,https://movie.douban.com/subject/27010768/,https://img1.doubanio.com/view/photo/s_ratio_poster/public/p2561439800.webp
75,看不见的客人,8.8,1434369,2016,导演: 奥里奥尔·保罗 Oriol Paulo   主演: 马里奥·卡萨斯 Mario Casas / 阿...,剧情 犯罪 悬疑 惊悚,https://movie.douban.com/subject/26580232/,https://img9.doubanio.com/view/photo/s_ratio_poster/public/p2498971355.webp
100,唐伯虎点秋香,8.8,1220707,1993,导演: 李力持 Lik-Chi Lee   主演: 周星驰 Stephen Chow / 巩俐 Li Gong / 陈...,喜剧 爱情 古装,https://movie.douban.com/subject/1306249/,https://img9.doubanio.com/view/photo/s_ratio_poster/public/p2357915564.webp
108,超能陆战队,8.8,1141965,2014,导演: 唐·霍尔 Don Hall / 克里斯·威廉姆斯 Chris Williams   主演: 斯科特...,喜剧 动作 科幻 动画 冒险,https://movie.douban.com/subject/11026735/,https://img1.doubanio.com/view/photo/s_ratio_poster/public/p2224568669.webp
90,喜剧之王,8.8,1090801,1999,导演: 周星驰 Stephen Chow / 李力持 Lik-Chi Lee   主演: 周星驰 Stephen Ch...,喜剧 剧情 爱情,https://movie.douban.com/subject/1302425/,https://img9.doubanio.com/view/photo/s_ratio_poster/public/p2917778954.webp
99,七宗罪,8.8,1058076,1995,导演: 大卫·芬奇 David Fincher   主演: 摩根·弗里曼 Morgan Freeman / 布...,剧情 犯罪 悬疑 惊悚,https://movie.douban.com/subject/1292223/,https://img9.doubanio.com/view/photo/s_ratio_poster/public/p2219586434.webp
95,加勒比海盗,8.8,965173,2003,导演: 戈尔·维宾斯基 Gore Verbinski   主演: 约翰尼·德普 Johnny Depp / ...,动作 冒险 奇幻,https://movie.douban.com/subject/1298070/,https://img9.doubanio.com/view/photo/s_ratio_poster/public/p1596085504.webp
117,重庆森林,8.8,920684,1994,导演: 王家卫 Kar Wai Wong   主演: 林青霞 Brigitte Lin / 金城武 Takeshi K...,剧情 爱情,https://movie.douban.com/subject/1291999/,https://img2.doubanio.com/view/photo/s_ratio_poster/public/p792381411.webp
125,驯龙高手,8.8,863044,2010,导演: 迪恩·德布洛斯 Dean DeBlois / 克里斯·桑德斯 Chris Sanders   主演:...,动画 奇幻 冒险,https://movie.douban.com/subject/2353023/,https://img9.doubanio.com/view/photo/s_ratio_poster/public/p2210954024.webp
128,倩女幽魂,8.8,834339,1987,导演: 程小东 Siu-Tung Ching   主演: 张国荣 Leslie Cheung / 王祖贤 Joey W...,爱情 奇幻 武侠 古装,https://movie.douban.com/subject/1297447/,https://img9.doubanio.com/view/photo/s_ratio_poster/public/p2918554634.webp
144,请以你的名字呼唤我,8.8,822458,2017,导演: 卢卡·瓜达尼诺 Luca Guadagnino   主演: 艾米·汉莫 Armie Hammer / ...,剧情 爱情 同性,https://movie.douban.com/subject/26799731/,https://img1.doubanio.com/view/photo/s_ratio_poster/public/p2505525050.webp
115,头脑特工队,8.8,802890,2015,导演: 彼特·道格特 Pete Docter / 罗纳尔多·德尔·卡门 Ronaldo Del Carmen  &nb...,喜剧 动画 冒险,https://movie.douban.com/subject/10533913/,https://img1.doubanio.com/view/photo/s_ratio_poster/public/p2874927470.webp
130,花样年华,8.8,802793,2000,导演: 王家卫 Kar Wai Wong   主演: 张曼玉 Maggie Cheung / 梁朝伟 Tony Leu...,剧情 爱情,https://movie.douban.com/subject/1291557/,https://img3.doubanio.com/view/photo/s_ratio_poster/public/p2918312477.webp
114,哈利·波特与火焰杯,8.8,798991,2005,导演: 迈克·内威尔 Mike Newell   主演: 丹尼尔·雷德克里夫 Daniel Radclif...,悬疑 奇幻 冒险,https://movie.douban.com/subject/1309055/,https://img9.doubanio.com/view/photo/s_ratio_poster/public/p2913456904.webp
110,爱在黎明破晓前,8.8,797707,1995,导演: 理查德·林克莱特 Richard Linklater   主演: 伊桑·霍克 Ethan Hawke ...,剧情 爱情,https://movie.douban.com/subject/1296339/,https://img9.doubanio.com/view/photo/s_ratio_poster/public/p2555762374.webp
143,九品芝麻官,8.8,792445,1994,导演: 王晶 Jing Wong   主演: 周星驰 Stephen Chow / 吴孟达 Man Tat Ng / ...,剧情 喜剧 古装,https://movie.douban.com/subject/1297518/,https://img1.doubanio.com/view/photo/s_ratio_poster/public/p648370300.webp
124,时空恋旅人,8.8,790395,2013,导演: 理查德·柯蒂斯 Richard Curtis   主演: 多姆纳尔·格里森 Domhnall Gl...,喜剧 爱情 奇幻,https://movie.douban.com/subject/10577869/,https://img9.doubanio.com/view/photo/s_ratio_poster/public/p2070153774.webp
121,断背山,8.8,781178,2005,导演: 李安 Ang Lee   主演: 希斯·莱杰 Heath Ledger / 杰克·吉伦哈尔 Jake...,剧情 爱情 同性 家庭,https://movie.douban.com/subject/1418834/,https://img3.doubanio.com/view/photo/s_ratio_poster/public/p2169104127.webp
113,被嫌弃的松子的一生,8.8,773657,2006,导演: 中岛哲也 Tetsuya Nakashima   主演: 中谷美纪 Miki Nakatani / 瑛太 E...,剧情 歌舞,https://movie.douban.com/subject/1787291/,https://img9.doubanio.com/view/photo/s_ratio_poster/public/p884763596.webp
137,怪兽电力公司,8.8,768859,2001,导演: 彼特·道格特 Pete Docter / 大卫·斯沃曼 David Silverman   主演: 约...,儿童 喜剧 动画 奇幻 冒险,https://movie.douban.com/subject/1291579/,https://img1.doubanio.com/view/photo/s_ratio_poster/public/p2513247938.webp
152,告白,8.8,742749,2010,导演: 中岛哲也 Tetsuya Nakashima   主演: 松隆子 Takako Matsu / 冈田将生 ...,剧情 悬疑,https://movie.douban.com/subject/4268598/,https://img9.doubanio.com/view/photo/s_ratio_poster/public/p689520756.webp
156,模仿游戏,8.8,719140,2014,导演: 莫滕·泰杜姆 Morten Tyldum   主演: 本尼迪克特·康伯巴奇 Benedict C...,剧情 传记 战争 同性,https://movie.douban.com/subject/10463953/,https://img1.doubanio.com/view/photo/s_ratio_poster/public/p2922986728.webp
136,阳光灿烂的日子,8.8,694520,1994,导演: 姜文 Wen Jiang   主演: 夏雨 Yu Xia / 宁静 Jing Ning / 陶虹 Hong Tao,剧情 爱情,https://movie.douban.com/subject/1291875/,https://img9.doubanio.com/view/photo/s_ratio_poster/public/p2564685215.webp
145,被解救的姜戈,8.8,690760,2012,导演: 昆汀·塔伦蒂诺 Quentin Tarantino   主演: 杰米·福克斯 Jamie Foxx /...,剧情 动作 西部 冒险,https://movie.douban.com/subject/6307447/,https://img3.doubanio.com/view/photo/s_ratio_poster/public/p1800813767.webp
146,幸福终点站,8.8,640897,2004,导演: 史蒂文·斯皮尔伯格 Steven Spielberg   主演: 汤姆·汉克斯 Tom Hanks...,喜剧 剧情 爱情,https://movie.douban.com/subject/1292274/,https://img3.doubanio.com/view/photo/s_ratio_poster/public/p2181698213.webp
166,阳光姐妹淘,8.8,637960,2011,导演: 姜炯哲 Hyeong-Cheol Kang   主演: 沈恩京 Eun-kyung Shim / 闵孝琳 Hy...,剧情 喜剧,https://movie.douban.com/subject/4917726/,https://img3.doubanio.com/view/photo/s_ratio_poster/public/p1374786017.webp
158,大鱼,8.8,626220,2003,导演: 蒂姆·波顿 Tim Burton   主演: 伊万·麦克格雷格 Ewan McGregor / 阿...,剧情 爱情 奇幻 冒险,https://movie.douban.com/subject/1291545/,https://img9.doubanio.com/view/photo/s_ratio_poster/public/p692813374.webp
151,萤火之森,8.8,609815,2011,导演: 大森贵弘 Takahiro Omori   主演: 佐仓绫音 Ayane Sakura / 内山昂辉 K...,剧情 爱情 动画 奇幻,https://movie.douban.com/subject/5989818/,https://img3.doubanio.com/view/photo/s_ratio_poster/public/p1675053073.webp
175,无间道2,8.8,566158,2003,导演: 刘伟强 Andrew Lau / 麦兆辉 Alan Mak   主演: 陈冠希 Edison Chen / ...,剧情 犯罪 惊悚,https://movie.douban.com/subject/1307106/,https://img1.doubanio.com/view/photo/s_ratio_poster/public/p958008320.webp
183,海街日记,8.8,520413,2015,导演: 是枝裕和 Hirokazu Koreeda   主演: 绫濑遥 Haruka Ayase / 长泽雅美 M...,剧情 家庭,https://movie.douban.com/subject/25895901/,https://img3.doubanio.com/view/photo/s_ratio_poster/public/p2603364117.webp
176,达拉斯买家俱乐部,8.8,505431,2013,导演: 让-马克·瓦雷 Jean-Marc Vallée   主演: 马修·麦康纳 Matthew McCon...,剧情 传记 同性,https://movie.douban.com/subject/1793929/,https://img3.doubanio.com/view/photo/s_ratio_poster/public/p2166160837.webp
168,黑客帝国3：矩阵革命,8.8,496856,2003,导演: 拉娜·沃卓斯基 Lana Wachowski / 莉莉·沃卓斯基 Lilly Wachowski   ...,动作 科幻,https://movie.douban.com/subject/1302467/,https://img1.doubanio.com/view/photo/s_ratio_poster/public/p443461818.webp
189,纵横四海,8.8,473258,1991,导演: 吴宇森 John Woo   主演: 周润发 Yun-Fat Chow / 张国荣 Leslie Cheung...,剧情 喜剧 动作 犯罪,https://movie.douban.com/subject/1295409/,https://img1.doubanio.com/view/photo/s_ratio_poster/public/p2597918718.webp
219,终结者2：审判日,8.8,385557,1991,导演: 詹姆斯·卡梅隆 James Cameron   主演: 阿诺·施瓦辛格 Arnold Schwarz...,动作 科幻,https://movie.douban.com/subject/1291844/,https://img9.doubanio.com/view/photo/s_ratio_poster/public/p1910909085.webp
220,大红灯笼高高挂,8.8,371247,1991,导演: 张艺谋 Yimou Zhang   主演: 巩俐 Li Gong / 马精武 Jingwu Ma / 何赛...,剧情,https://movie.douban.com/subject/1293323/,https://img3.doubanio.com/view/photo/s_ratio_poster/public/p1254404823.webp
231,罗生门,8.8,358102,1950,导演: 黑泽明 Akira Kurosawa   主演: 三船敏郎 Toshirô Mifune / 京町子 ...,剧情 犯罪 悬疑,https://movie.douban.com/subject/1291879/,https://img2.doubanio.com/view/photo/s_ratio_poster/public/p1598883511.webp
225,千钧一发,8.8,350055,1997,导演: 安德鲁·尼科尔 Andrew Niccol   主演: 伊桑·霍克 Ethan Hawke / 乌玛...,剧情 科幻 惊悚,https://movie.douban.com/subject/1300117/,https://img3.doubanio.com/view/photo/s_ratio_poster/public/p792423963.webp
237,步履不停,8.8,327616,2008,导演: 是枝裕和 Hirokazu Koreeda   主演: 阿部宽 Hiroshi Abe / 夏川结衣 Yu...,剧情 家庭,https://movie.douban.com/subject/2222996/,https://img1.doubanio.com/view/photo/s_ratio_poster/public/p2375245718.webp
240,千年女优,8.8,317893,2001,导演: 今敏 Satoshi Kon   主演: 庄司美代子 Miyoko Shôji / 小山茉美 Mam...,动画 剧情 爱情,https://movie.douban.com/subject/1307394/,https://img9.doubanio.com/view/photo/s_ratio_poster/public/p2215102596.webp
247,魂断蓝桥,8.8,310536,1940,导演: 茂文·勒鲁瓦 Mervyn LeRoy   主演: 费雯·丽 Vivien Leigh / 罗伯特·...,剧情 爱情 战争,https://movie.douban.com/subject/1293964/,https://img1.doubanio.com/view/photo/s_ratio_poster/public/p2351134499.webp
159,心灵奇旅,8.7,1140420,2020,导演: 彼特·道格特 Pete Docter / 凯普·鲍尔斯 Kemp Powers   主演: 杰米·...,动画 奇幻 音乐,https://movie.douban.com/subject/24733428/,https://img1.doubanio.com/view/photo/s_ratio_poster/public/p2595591069.webp
169,小丑,8.7,1124451,2019,导演: 托德·菲利普斯 Todd Phillips   主演: 杰昆·菲尼克斯 Joaquin Phoeni...,剧情 犯罪 惊悚,https://movie.douban.com/subject/27119724/,https://img9.doubanio.com/view/photo/s_ratio_poster/public/p2567198874.webp
122,剪刀手爱德华,8.7,1118876,1990,导演: 蒂姆·波顿 Tim Burton   主演: 约翰尼·德普 Johnny Depp / 薇诺娜·...,剧情 爱情 奇幻,https://movie.douban.com/subject/1292370/,https://img3.doubanio.com/view/photo/s_ratio_poster/public/p480956937.webp
126,消失的爱人,8.7,1070884,2014,导演: 大卫·芬奇 David Fincher   主演: 本·阿弗莱克 Ben Affleck / 罗莎蒙...,剧情 犯罪 悬疑 惊悚,https://movie.douban.com/subject/21318488/,https://img9.doubanio.com/view/photo/s_ratio_poster/public/p2221768894.webp
148,神偷奶爸,8.7,1045153,2010,导演: 皮艾尔·柯芬 Pierre Coffin / 克里斯·雷纳德 Chris Renaud   主演: ...,喜剧 动画 冒险,https://movie.douban.com/subject/3287562/,https://img1.doubanio.com/view/photo/s_ratio_poster/public/p792776858.webp
139,天使爱美丽,8.7,1019925,2001,导演: 让-皮埃尔·热内 Jean-Pierre Jeunet   主演: 奥黛丽·塔图 Audrey Tau...,剧情 喜剧 爱情,https://movie.douban.com/subject/1292215/,https://img3.doubanio.com/view/photo/s_ratio_poster/public/p2447590313.webp
135,色，戒,8.7,958742,2007,导演: 李安 Ang Lee   主演: 梁朝伟 Tony Leung Chiu Wai / 汤唯 Wei Tang / ...,剧情 爱情 情色,https://movie.douban.com/subject/1828115/,https://img9.doubanio.com/view/photo/s_ratio_poster/public/p453716305.webp
129,傲慢与偏见,8.7,930715,2005,导演: 乔·怀特 Joe Wright   主演: 凯拉·奈特莉 Keira Knightley / 马修·...,剧情 爱情,https://movie.douban.com/subject/1418200/,https://img1.doubanio.com/view/photo/s_ratio_poster/public/p2016401659.webp
177,疯狂原始人,8.7,920449,2013,导演: 科克·德·米科 Kirk De Micco / 克里斯·桑德斯 Chris Sanders   主演...,喜剧 动画 冒险,https://movie.douban.com/subject/1907966/,https://img3.doubanio.com/view/photo/s_ratio_poster/public/p1867084027.webp
170,三块广告牌,8.7,918994,2017,导演: 马丁·麦克唐纳 Martin McDonagh   主演: 弗兰西斯·麦克多蒙德 France...,剧情 犯罪,https://movie.douban.com/subject/26611804/,https://img9.doubanio.com/view/photo/s_ratio_poster/public/p2502943384.webp
193,小偷家族,8.7,894691,2018,导演: 是枝裕和 Hirokazu Koreeda   主演: 中川雅也 Lily Franky / 安藤樱 Sa...,剧情 犯罪 家庭,https://movie.douban.com/subject/27622447/,https://img9.doubanio.com/view/photo/s_ratio_poster/public/p2530599636.webp
161,血战钢锯岭,8.7,858687,2016,导演: 梅尔·吉布森 Mel Gibson   主演: 安德鲁·加菲尔德 Andrew Garfield /...,剧情 传记 历史 战争,https://movie.douban.com/subject/26325320/,https://img1.doubanio.com/view/photo/s_ratio_poster/public/p2398141939.webp
167,恐怖直播,8.7,727522,2013,导演: 金秉祐 Byeong-woo Kim   主演: 河正宇 Jung-woo Ha / 李璟荣 Kyeong-y...,剧情 犯罪 悬疑,https://movie.douban.com/subject/21360417/,https://img9.doubanio.com/view/photo/s_ratio_poster/public/p2016930906.webp
160,射雕英雄传之东成西就,8.7,717197,1993,导演: 刘镇伟 Jeffrey Lau   主演: 梁朝伟 Tony Leung Chiu Wai / 林青霞 Bri...,喜剧 奇幻 武侠 古装,https://movie.douban.com/subject/1316510/,https://img3.doubanio.com/view/photo/s_ratio_poster/public/p2609063922.webp
196,冰川时代,8.7,685455,2002,导演: 卡洛斯·沙尔丹哈 Carlos Saldanha / 克里斯·韦奇 Chris Wedge   主演...,喜剧 动画 冒险,https://movie.douban.com/subject/1291578/,https://img1.doubanio.com/view/photo/s_ratio_poster/public/p1910895719.webp
188,记忆碎片,8.7,668315,2000,导演: 克里斯托弗·诺兰 Christopher Nolan   主演: 盖·皮尔斯 Guy Pearce /...,犯罪 剧情 悬疑 惊悚,https://movie.douban.com/subject/1304447/,https://img3.doubanio.com/view/photo/s_ratio_poster/public/p641688453.webp
206,疯狂的麦克斯4：狂暴之路,8.7,618134,2015,导演: 乔治·米勒 George Miller   主演: 汤姆·哈迪 Tom Hardy / 查理兹·塞...,动作 科幻 冒险,https://movie.douban.com/subject/3592854/,https://img3.doubanio.com/view/photo/s_ratio_poster/public/p2236181653.webp
186,心迷宫,8.7,616738,2014,导演: 忻钰坤 Yukun Xin   主演: 霍卫民 Weimin Huo / 王笑天 Xiaotian Wang ...,剧情 犯罪 悬疑,https://movie.douban.com/subject/25917973/,https://img1.doubanio.com/view/photo/s_ratio_poster/public/p2926020289.webp
200,岁月神偷,8.7,612445,2010,导演: 罗启锐 Alex Law   主演: 吴君如 Sandra Ng / 任达华 Simon Yam / 钟绍...,剧情 家庭,https://movie.douban.com/subject/3792799/,https://img2.doubanio.com/view/photo/s_ratio_poster/public/p456666151.webp
172,电锯惊魂,8.7,612231,2004,导演: 詹姆斯·温 James Wan   主演: 雷·沃纳尔 Leigh Whannell / 加利·艾...,悬疑 惊悚 恐怖,https://movie.douban.com/subject/1417598/,https://img9.doubanio.com/view/photo/s_ratio_poster/public/p726839485.webp
190,无敌破坏王,8.7,611601,2012,导演: 瑞奇·莫尔 Rich Moore   主演: 约翰·C·赖利 John C. Reilly / 萨拉...,喜剧 动画 奇幻 冒险,https://movie.douban.com/subject/6534248/,https://img9.doubanio.com/view/photo/s_ratio_poster/public/p1735642656.webp
218,无耻混蛋,8.7,561686,2009,导演: 昆汀·塔伦蒂诺 Quentin Tarantino   主演: 布拉德·皮特 Brad Pitt / ...,剧情 犯罪,https://movie.douban.com/subject/1438652/,https://img1.doubanio.com/view/photo/s_ratio_poster/public/p2575043939.webp
203,大佛普拉斯,8.7,553338,2017,导演: 黄信尧 Hsin-yao Huang   主演: 庄益增 Yizeng Zhuang / 陈竹昇 Chu-sh...,剧情 喜剧,https://movie.douban.com/subject/27059130/,https://img3.doubanio.com/view/photo/s_ratio_poster/public/p2505928032.webp
202,遗愿清单,8.7,537816,2007,导演: 罗伯·莱纳 Rob Reiner   主演: 杰克·尼科尔森 Jack Nicholson / 摩根...,冒险 喜剧 剧情,https://movie.douban.com/subject/1867345/,https://img3.doubanio.com/view/photo/s_ratio_poster/public/p2676812053.webp
197,魔女宅急便,8.7,524020,1989,导演: 宫崎骏 Hayao Miyazaki   主演: 高山南 Minami Takayama / 佐久间玲 Re...,动画 奇幻 冒险,https://movie.douban.com/subject/1307811/,https://img3.doubanio.com/view/photo/s_ratio_poster/public/p456676352.webp
201,荒蛮故事,8.7,517202,2014,导演: 达米安·斯兹弗隆 Damián Szifron   主演: 达里奥·葛兰帝内提 Darío...,剧情 喜剧 犯罪,https://movie.douban.com/subject/24750126/,https://img3.doubanio.com/view/photo/s_ratio_poster/public/p2919686972.webp
222,新龙门客栈,8.7,509432,1992,导演: 李惠民 Raymond Lee   主演: 张曼玉 Maggie Cheung / 林青霞 Brigitte ...,动作 爱情 武侠 古装,https://movie.douban.com/subject/1292287/,https://img1.doubanio.com/view/photo/s_ratio_poster/public/p1421018669.webp
224,人工智能,8.7,502086,2001,导演: 史蒂文·斯皮尔伯格 Steven Spielberg   主演: 海利·乔·奥斯蒙 Haley...,剧情 科幻,https://movie.douban.com/subject/1302827/,https://img3.doubanio.com/view/photo/s_ratio_poster/public/p792257137.webp
236,黑客帝国2：重装上阵,8.7,455271,2003,导演: 拉娜·沃卓斯基 Lana Wachowski / 莉莉·沃卓斯基 Lilly Wachowski   ...,动作 科幻,https://movie.douban.com/subject/1304141/,https://img1.doubanio.com/view/photo/s_ratio_poster/public/p443461390.webp
227,雨人,8.7,442905,1988,导演: 巴瑞·莱文森 Barry Levinson   主演: 达斯汀·霍夫曼 Dustin Hoffman ...,剧情,https://movie.douban.com/subject/1291870/,https://img3.doubanio.com/view/photo/s_ratio_poster/public/p2353324612.webp
245,血钻,8.7,421673,2006,导演: 爱德华·兹威克 Edward Zwick   主演: 莱昂纳多·迪卡普里奥 Leonardo ...,剧情 惊悚 冒险,https://movie.douban.com/subject/1428175/,https://img3.doubanio.com/view/photo/s_ratio_poster/public/p1244017073.webp
241,战争之王,8.7,415238,2005,导演: 安德鲁·尼科尔 Andrew Niccol   主演: 尼古拉斯·凯奇 Nicolas Cage /...,剧情 犯罪,https://movie.douban.com/subject/1419936/,https://img2.doubanio.com/view/photo/s_ratio_poster/public/p792282381.webp
250,房间,8.7,399874,2015,导演: 伦尼·阿伯拉罕森 Lenny Abrahamson   主演: 布丽·拉尔森 Brie Larson...,剧情 家庭,https://movie.douban.com/subject/25724855/,https://img9.doubanio.com/view/photo/s_ratio_poster/public/p2259715855.webp
242,谍影重重2,8.7,399531,2004,导演: 保罗·格林格拉斯 Paul Greengrass   主演: 马特·达蒙 Matt Damon / ...,动作 悬疑 惊悚,https://movie.douban.com/subject/1308767/,https://img9.doubanio.com/view/photo/s_ratio_poster/public/p667644866.webp
155,头号玩家,8.6,1514667,2018,导演: 史蒂文·斯皮尔伯格 Steven Spielberg   主演: 泰伊·谢里丹 Tye Sheri...,动作 科幻 冒险,https://movie.douban.com/subject/4920389/,https://img3.doubanio.com/view/photo/s_ratio_poster/public/p2516578307.webp
147,釜山行,8.6,1347849,2016,导演: 延尚昊 Sang-ho Yeon   主演: 孔刘 Yoo Gong / 郑有美 Yu-mi Jung / 马...,动作 惊悚 灾难,https://movie.douban.com/subject/25986180/,https://img1.doubanio.com/view/photo/s_ratio_poster/public/p2360940399.webp
180,疯狂的石头,8.6,925067,2006,导演: 宁浩 Hao Ning   主演: 郭涛 Tao Guo / 刘桦 Hua Liu / 连晋 Teddy Lin,喜剧 犯罪,https://movie.douban.com/subject/1862151/,https://img3.doubanio.com/view/photo/s_ratio_poster/public/p712241453.webp
204,源代码,8.6,925015,2011,导演: 邓肯·琼斯 Duncan Jones   主演: 杰克·吉伦哈尔 Jake Gyllenhaal / ...,科幻 悬疑 惊悚,https://movie.douban.com/subject/3075287/,https://img9.doubanio.com/view/photo/s_ratio_poster/public/p988260245.webp
221,黑天鹅,8.6,846573,2010,导演: 达伦·阿罗诺夫斯基 Darren Aronofsky   主演: 娜塔莉·波特曼 Natalie...,剧情 惊悚,https://movie.douban.com/subject/1978709/,https://img9.doubanio.com/view/photo/s_ratio_poster/public/p2549648344.webp
205,花束般的恋爱,8.6,825796,2021,导演: 土井裕泰 Nobuhiro Doi   主演: 菅田将晖 Masaki Suda / 有村架纯 Kasu...,剧情 爱情,https://movie.douban.com/subject/34874432/,https://img3.doubanio.com/view/photo/s_ratio_poster/public/p2868462052.webp
210,贫民窟的百万富翁,8.6,806588,2008,导演: 丹尼·鲍尔 Danny Boyle / 洛芙琳·坦丹 Loveleen Tandan   主演: 戴夫...,剧情 爱情,https://movie.douban.com/subject/2209573/,https://img1.doubanio.com/view/photo/s_ratio_poster/public/p2434249040.webp
243,蜘蛛侠：平行宇宙,8.6,756490,2018,导演: 鲍勃·佩尔西凯蒂 Bob Persichetti / 彼得·拉姆齐 Peter Ramsey   主...,动作 科幻 动画 冒险,https://movie.douban.com/subject/26374197/,https://img1.doubanio.com/view/photo/s_ratio_poster/public/p2535851348.webp
217,哈利·波特与死亡圣器(上),8.6,695167,2010,导演: 大卫·叶茨 David Yates   主演: 丹尼尔·雷德克里夫 Daniel Radcliffe...,奇幻 冒险,https://movie.douban.com/subject/2051007/,https://img9.doubanio.com/view/photo/s_ratio_poster/public/p2913456984.webp
229,哈利·波特与凤凰社,8.6,694942,2007,导演: 大卫·叶茨 David Yates   主演: 丹尼尔·雷德克里夫 Daniel Radcliffe...,奇幻 冒险,https://movie.douban.com/subject/1457217/,https://img9.doubanio.com/view/photo/s_ratio_poster/public/p2913456924.webp
214,爆裂鼓手,8.6,690490,2014,导演: 达米恩·查泽雷 Damien Chazelle   主演: 迈尔斯·特勒 Miles Teller /...,剧情 音乐,https://movie.douban.com/subject/25773932/,https://img1.doubanio.com/view/photo/s_ratio_poster/public/p2915975989.webp
212,波西米亚狂想曲,8.6,689544,2018,导演: 布莱恩·辛格 Bryan Singer   主演: 拉米·马雷克 Rami Malek / 本·哈...,剧情 传记 同性 音乐,https://movie.douban.com/subject/5300054/,https://img3.doubanio.com/view/photo/s_ratio_poster/public/p2549558913.webp
230,彗星来的那一夜,8.6,683683,2013,导演: 詹姆斯·沃德·布柯特 James Ward Byrkit   主演: 艾米丽·芭尔多尼 Em...,科幻 悬疑 惊悚,https://movie.douban.com/subject/25807345/,https://img9.doubanio.com/view/photo/s_ratio_poster/public/p2187896734.webp
232,海边的曼彻斯特,8.6,652067,2016,导演: 肯尼斯·罗纳根 Kenneth Lonergan   主演: 卡西·阿弗莱克 Casey Affle...,剧情 家庭,https://movie.douban.com/subject/25980443/,https://img9.doubanio.com/view/photo/s_ratio_poster/public/p2421855655.webp
207,白日梦想家,8.6,646001,2013,导演: 本·斯蒂勒 Ben Stiller   主演: 本·斯蒂勒 Ben Stiller / 克里斯汀·...,剧情 喜剧 冒险,https://movie.douban.com/subject/2133323/,https://img3.doubanio.com/view/photo/s_ratio_poster/public/p2893896472.webp
215,东邪西毒,8.6,635157,1994,导演: 王家卫 Kar Wai Wong   主演: 张国荣 Leslie Cheung / 林青霞 Brigitte...,剧情 动作 爱情 武侠 古装,https://movie.douban.com/subject/1292328/,https://img3.doubanio.com/view/photo/s_ratio_poster/public/p1982176012.webp
187,英雄本色,8.6,605677,1986,导演: 吴宇森 John Woo   主演: 周润发 Yun-Fat Chow / 狄龙 Lung Ti / 张国...,剧情 动作 犯罪,https://movie.douban.com/subject/1297574/,https://img3.doubanio.com/view/photo/s_ratio_poster/public/p2504997087.webp
216,青蛇,8.6,600862,1993,导演: 徐克 Hark Tsui   主演: 张曼玉 Maggie Cheung / 王祖贤 Joey Wang / ...,剧情 爱情 奇幻 古装,https://movie.douban.com/subject/1303394/,https://img1.doubanio.com/view/photo/s_ratio_poster/public/p2923862788.webp
239,奇迹男孩,8.6,600525,2017,导演: 斯蒂芬·卓博斯基 Stephen Chbosky   主演: 雅各布·特伦布莱 Jacob Tr...,剧情 儿童 家庭,https://movie.douban.com/subject/26787574/,https://img1.doubanio.com/view/photo/s_ratio_poster/public/p2507709428.webp
226,崖上的波妞,8.6,575061,2008,导演: 宫崎骏 Hayao Miyazaki   主演: 奈良柚莉爱 Yuria Nara / 土井洋辉 Hir...,动画 奇幻 冒险,https://movie.douban.com/subject/1959877/,https://img1.doubanio.com/view/photo/s_ratio_poster/public/p2627847859.webp
249,血观音,8.6,559138,2017,导演: 杨雅喆 Ya-che Yang   主演: 惠英红 Kara Wai Ying Hung / 吴可熙 Wu K...,剧情 悬疑,https://movie.douban.com/subject/27113517/,https://img9.doubanio.com/view/photo/s_ratio_poster/public/p2505008756.webp
163,你的名字。,8.5,1590716,2016,导演: 新海诚 Makoto Shinkai   主演: 神木隆之介 Ryûnosuke Kamiki / 上...,剧情 爱情 动画,https://movie.douban.com/subject/26683290/,https://img2.doubanio.com/view/photo/s_ratio_poster/public/p2910701461.webp
223,初恋这件小事,8.5,1051389,2010,导演: 普特鹏·普罗萨卡·那·萨克那卡林 Puttipong Promsaka Na Sakolnakorn / 华森·波克彭...,剧情 喜剧 爱情,https://movie.douban.com/subject/4739952/,https://img3.doubanio.com/view/photo/s_ratio_poster/public/p1505312273.webp
195,恐怖游轮,8.5,988728,2009,导演: 克里斯托弗·史密斯 Christopher Smith   主演: 梅利莎·乔治 Melissa ...,科幻 悬疑 奇幻 惊悚,https://movie.douban.com/subject/3011051/,https://img9.doubanio.com/view/photo/s_ratio_poster/public/p462470694.webp
235,火星救援,8.5,831686,2015,导演: 雷德利·斯科特 Ridley Scott   主演: 马特·达蒙 Matt Damon / 杰西卡...,剧情 科幻 冒险,https://movie.douban.com/subject/25864085/,https://img3.doubanio.com/view/photo/s_ratio_poster/public/p2264592493.webp
238,冰雪奇缘,8.5,827961,2013,导演: 克里斯·巴克 Chris Buck / 珍妮弗·李 Jennifer Lee   主演: 克里斯汀...,喜剧 动画 奇幻 歌舞,https://movie.douban.com/subject/4202982/,https://img3.doubanio.com/view/photo/s_ratio_poster/public/p2151245053.webp
234,真爱至上,8.5,808230,2003,导演: 理查德·柯蒂斯 Richard Curtis   主演: 休·格兰特 Hugh Grant / 连姆...,喜剧 剧情 爱情,https://movie.douban.com/subject/1292401/,https://img1.doubanio.com/view/photo/s_ratio_poster/public/p475600770.webp
233,恋恋笔记本,8.5,747644,2004,导演: 尼克·卡索维茨 Nick Cassavetes   主演: 瑞恩·高斯林 Ryan Gosling /...,剧情 爱情,https://movie.douban.com/subject/1309163/,https://img9.doubanio.com/view/photo/s_ratio_poster/public/p483604864.webp
246,小姐,8.5,574767,2016,导演: 朴赞郁 Chan-wook Park   主演: 金敏喜 Min-hee Kim / 金泰梨 Tae-ri K...,剧情 悬疑 情色 同性,https://movie.douban.com/subject/25977027/,https://img9.doubanio.com/view/photo/s_ratio_poster/public/p2355555424.webp
211,爱乐之城,8.4,1110848,2016,导演: 达米恩·查泽雷 Damien Chazelle   主演: 瑞恩·高斯林 Ryan Gosling /...,剧情 爱情 歌舞,https://movie.douban.com/subject/25934014/,https://img9.doubanio.com/view/photo/s_ratio_poster/public/p2929224846.webp
